,Presidency ,President ,Took office ,Left office ,Party ,Home State
0,1,George Washington,30/04/1789,4/03/1797,Independent ,Virginia
1,2,John Adams,4/03/1797,4/03/1801,Federalist ,Massachusetts
2,3,Thomas Jefferson,4/03/1801,4/03/1809,Democratic-Republican ,Virginia
3,4,James Madison,4/03/1809,4/03/1817,Democratic-Republican ,Virginia
4,5,James Monroe,4/03/1817,4/03/1825,Democratic-Republican ,Virginia
5,6,John Quincy Adams,4/03/1825,4/03/1829,Democratic-Republican/National Republican ,Massachusetts
6,7,Andrew Jackson,4/03/1829,4/03/1837,Democratic ,Tennessee
7,8,Martin Van Buren,4/03/1837,4/03/1841,Democratic ,New York
8,9,William Henry Harrison,4/03/1841,4/04/1841,Whig,Ohio
9,10,John Tyler,4/04/1841,4/03/1845,Whig,Virginia
10,11,James K. Polk,4/03/1845,4/03/1849,Democratic ,Tennessee
11,12,Zachary Taylor,4/03/1849,9/07/1850,Whig,Louisiana
12,13,Millard Fillmore,9/07/1850,4/03/1853,Whig,New York
13,14,Franklin Pierce,4/03/1853,4/03/1857,Democratic ,New Hampshire
14,15,James Buchanan,4/03/1857,4/03/1861,Democratic ,Pennsylvania
15,16,Abraham Lincoln,4/03/1861,15/04/1865,Republican/National Union,Illinois
16,17,Andrew Johnson,15/04/1865,4/03/1869,Democratic/National Union,Tennessee
17,18,Ulysses S. Grant,4/03/1869,4/03/1877,Republican ,Ohio
18,19,Rutherford B. Hayes,4/03/1877,4/03/1881,Republican ,Ohio
19,20,James A. Garfield,4/03/1881,19/09/1881,Republican ,Ohio
20,21,Chester A. Arthur,19/09/1881,4/03/1885,Republican ,New York
21,22,Grover Cleveland,4/03/1885,4/03/1889,Democratic ,New York
22,23,Benjamin Harrison,4/03/1889,4/03/1893,Republican ,Indiana
23,24,Grover Cleveland (2nd term),4/03/1893,4/03/1897,Democratic ,New York
24,25,William McKinley,4/03/1897,14/9/1901,Republican ,Ohio
25,26,Theodore Roosevelt,14/9/1901,4/3/1909,Republican ,New York
26,27,William Howard Taft,4/3/1909,4/03/1913,Republican ,Ohio
27,28,Woodrow Wilson,4/03/1913,4/03/1921,Democratic ,New Jersey
28,29,Warren G. Harding,4/03/1921,2/8/1923,Republican ,Ohio
29,30,Calvin Coolidge,2/8/1923,4/03/1929,Republican ,Massachusetts
30,31,Herbert Hoover,4/03/1929,4/03/1933,Republican ,Iowa
31,32,Franklin D. Roosevelt,4/03/1933,12/4/1945,Democratic,New York
32,33,Harry S. Truman,12/4/1945,20/01/1953,Democratic,Missouri
33,34,Dwight D. Eisenhower,20/01/1953,20/01/1961,Republican ,Texas
34,35,John F. Kennedy,20/01/1961,22/11/1963,Democratic,Massachusetts
35,36,Lyndon B. Johnson,22/11/1963,20/1/1969,Democratic,Texas
36,37,Richard Nixon,20/1/1969,9/8/1974,Republican,California
37,38,Gerald Ford,9/8/1974,20/01/1977,Republican,Michigan
38,39,Jimmy Carter,20/01/1977,20/01/1981,Democratic ,Georgia
39,40,Ronald Reagan,20/01/1981,20/01/1989,Republican ,California
40,41,George H. W. Bush,20/01/1989,20/01/1993,Republican ,Texas
41,42,Bill Clinton,20/01/1993,20/01/2001,Democratic ,Arkansas
42,43,George W. Bush,20/01/2001,20/01/2009,Republican ,Texas
43,44,Barack Obama,20/01/2009,Incumbent ,  Democratic   ,Illinois
